,"DRVGR2022.Graduation rate, total cohort","EF2022D.Full-time retention rate, 2022",American Indian or Alaska Native,Asian,Black or African American,Hispanic,Native Hawaiian or Other Pacific Islander,White,Two or more races,Race/ethnicity unknown,U.S. Nonresident,EF2022A.Grand total,Cluster
count,1142.0,1142.0,1142.0,1142.0,1142.0,1142.0,1142.0,1142.0,1142.0,1142.0,1142.0,1142.0,1142.0
mean,56.63922942206655,73.17425569176882,0.5153062399641941,4.183189581010996,12.345633559891105,10.953377293114475,0.24681230645876878,56.47095898327933,3.4006246771470763,5.252248578258004,6.6318487808760525,2685.987740805604,6.550788091068301
std,21.31885889398246,17.52219884425809,1.9329091326088788,5.576725257591732,16.747277493476627,10.99947332288573,0.8053011748008859,23.252525254272623,2.659146596090985,7.1610030971366925,10.346891782288356,3657.040409573753,2.718868773297767
min,0.0,0.0,0.0,0.0,0.0,0.0,0.0,0.0,0.0,0.0,0.0,12.0,0.0
25%,44.0,67.0,0.08332467810361191,1.1708951714046822,4.168405676126878,4.427919553827953,0.0,43.834576914848085,1.7782982045277127,1.2072653278299978,1.1176631251530456,744.0,6.0
50%,58.5,76.0,0.227350259474435,2.463643671441099,7.251409880442139,8.27921143120383,0.08470988389615236,59.81337195176067,3.1614965557606594,3.0917973212535976,3.3576340611025515,1512.5,7.0
75%,71.0,83.0,0.5256758619331718,5.0768371356823305,13.467732425686787,13.28125,0.21588087019327862,72.88354377016913,4.490795647678862,6.296356244465814,7.395823201466806,3023.25,9.0
max,100.0,100.0,54.84949832775919,90.93567251461988,99.60474308300395,100.0,15.267175572519085,100.0,24.56931911402789,67.11560044893379,100.0,28201.0,9.0
